"Benchmark","Mode","Threads","Samples","Score","Score Error (99.9%)","Unit","Param: K"
"lab.jvm.serialization.KSweepBench.readKAnalytics","thrpt",1,12,11522.093055,212.855626,"ops/s",1
"lab.jvm.serialization.KSweepBench.readKAnalytics:gc.alloc.rate","thrpt",1,12,1147.271230,21.239122,"MB/sec",1
"lab.jvm.serialization.KSweepBench.readKAnalytics:gc.alloc.rate.norm","thrpt",1,12,104432.612484,0.014141,"B/op",1
"lab.jvm.serialization.KSweepBench.readKAnalytics:gc.count","thrpt",1,12,93.000000,NaN,"counts",1
"lab.jvm.serialization.KSweepBench.readKAnalytics:gc.time","thrpt",1,12,45.000000,NaN,"ms",1
"lab.jvm.serialization.KSweepBench.readKAnalytics","thrpt",1,12,546.480362,366.973185,"ops/s",16
"lab.jvm.serialization.KSweepBench.readKAnalytics:gc.alloc.rate","thrpt",1,12,830.744005,557.957285,"MB/sec",16
"lab.jvm.serialization.KSweepBench.readKAnalytics:gc.alloc.rate.norm","thrpt",1,12,1594477.685389,20.974301,"B/op",16
"lab.jvm.serialization.KSweepBench.readKAnalytics:gc.count","thrpt",1,12,56.000000,NaN,"counts",16
"lab.jvm.serialization.KSweepBench.readKAnalytics:gc.time","thrpt",1,12,58.000000,NaN,"ms",16
"lab.jvm.serialization.KSweepBench.readKAnalytics","thrpt",1,12,32.288750,3.487519,"ops/s",128
"lab.jvm.serialization.KSweepBench.readKAnalytics:gc.alloc.rate","thrpt",1,12,391.497991,42.276259,"MB/sec",128
"lab.jvm.serialization.KSweepBench.readKAnalytics:gc.alloc.rate.norm","thrpt",1,12,12718661.895924,20.749657,"B/op",128
"lab.jvm.serialization.KSweepBench.readKAnalytics:gc.count","thrpt",1,12,19.000000,NaN,"counts",128
"lab.jvm.serialization.KSweepBench.readKAnalytics:gc.time","thrpt",1,12,114.000000,NaN,"ms",128
"lab.jvm.serialization.KSweepBench.readKCustomer","thrpt",1,12,226013.283026,152183.910796,"ops/s",1
"lab.jvm.serialization.KSweepBench.readKCustomer:gc.alloc.rate","thrpt",1,12,1008.338305,678.982120,"MB/sec",1
"lab.jvm.serialization.KSweepBench.readKCustomer:gc.alloc.rate.norm","thrpt",1,12,4680.041371,0.027927,"B/op",1
"lab.jvm.serialization.KSweepBench.readKCustomer:gc.count","thrpt",1,12,67.000000,NaN,"counts",1
"lab.jvm.serialization.KSweepBench.readKCustomer:gc.time","thrpt",1,12,40.000000,NaN,"ms",1
"lab.jvm.serialization.KSweepBench.readKCustomer","thrpt",1,12,157181.410090,2833.896569,"ops/s",16
"lab.jvm.serialization.KSweepBench.readKCustomer:gc.alloc.rate","thrpt",1,12,1242.121138,22.440148,"MB/sec",16
"lab.jvm.serialization.KSweepBench.readKCustomer:gc.alloc.rate.norm","thrpt",1,12,8288.044816,0.000786,"B/op",16
"lab.jvm.serialization.KSweepBench.readKCustomer:gc.count","thrpt",1,12,84.000000,NaN,"counts",16
"lab.jvm.serialization.KSweepBench.readKCustomer:gc.time","thrpt",1,12,44.000000,NaN,"ms",16
"lab.jvm.serialization.KSweepBench.readKCustomer","thrpt",1,12,34192.135785,668.564278,"ops/s",128
"lab.jvm.serialization.KSweepBench.readKCustomer:gc.alloc.rate","thrpt",1,12,1184.099097,23.195399,"MB/sec",128
"lab.jvm.serialization.KSweepBench.readKCustomer:gc.alloc.rate.norm","thrpt",1,12,36320.205955,0.003942,"B/op",128
"lab.jvm.serialization.KSweepBench.readKCustomer:gc.count","thrpt",1,12,79.000000,NaN,"counts",128
"lab.jvm.serialization.KSweepBench.readKCustomer:gc.time","thrpt",1,12,40.000000,NaN,"ms",128
"lab.jvm.serialization.KSweepBench.readKOrder","thrpt",1,12,92614.223248,2758.519635,"ops/s",1
"lab.jvm.serialization.KSweepBench.readKOrder:gc.alloc.rate","thrpt",1,12,903.511720,26.891145,"MB/sec",1
"lab.jvm.serialization.KSweepBench.readKOrder:gc.alloc.rate.norm","thrpt",1,12,10232.076046,0.002313,"B/op",1
"lab.jvm.serialization.KSweepBench.readKOrder:gc.count","thrpt",1,12,73.000000,NaN,"counts",1
"lab.jvm.serialization.KSweepBench.readKOrder:gc.time","thrpt",1,12,34.000000,NaN,"ms",1
"lab.jvm.serialization.KSweepBench.readKOrder","thrpt",1,12,22227.161357,512.845841,"ops/s",16
"lab.jvm.serialization.KSweepBench.readKOrder:gc.alloc.rate","thrpt",1,12,1073.924898,24.813970,"MB/sec",16
"lab.jvm.serialization.KSweepBench.readKOrder:gc.alloc.rate.norm","thrpt",1,12,50674.420464,8.845580,"B/op",16
"lab.jvm.serialization.KSweepBench.readKOrder:gc.count","thrpt",1,12,88.000000,NaN,"counts",16
"lab.jvm.serialization.KSweepBench.readKOrder:gc.time","thrpt",1,12,43.000000,NaN,"ms",16
"lab.jvm.serialization.KSweepBench.readKOrder","thrpt",1,12,3406.437072,73.143694,"ops/s",128
"lab.jvm.serialization.KSweepBench.readKOrder:gc.alloc.rate","thrpt",1,12,1150.221297,24.753860,"MB/sec",128
"lab.jvm.serialization.KSweepBench.readKOrder:gc.alloc.rate.norm","thrpt",1,12,354138.068710,0.045243,"B/op",128
"lab.jvm.serialization.KSweepBench.readKOrder:gc.count","thrpt",1,12,76.000000,NaN,"counts",128
"lab.jvm.serialization.KSweepBench.readKOrder:gc.time","thrpt",1,12,40.000000,NaN,"ms",128
"lab.jvm.serialization.KSweepBench.readKPoint","thrpt",1,12,566653.408107,16549.430739,"ops/s",1
"lab.jvm.serialization.KSweepBench.readKPoint:gc.alloc.rate","thrpt",1,12,1819.680087,53.161408,"MB/sec",1
"lab.jvm.serialization.KSweepBench.readKPoint:gc.alloc.rate.norm","thrpt",1,12,3368.012400,0.000350,"B/op",1
"lab.jvm.serialization.KSweepBench.readKPoint:gc.count","thrpt",1,12,121.000000,NaN,"counts",1
"lab.jvm.serialization.KSweepBench.readKPoint:gc.time","thrpt",1,12,62.000000,NaN,"ms",1
"lab.jvm.serialization.KSweepBench.readKPoint","thrpt",1,12,253785.254866,6228.307844,"ops/s",16
"lab.jvm.serialization.KSweepBench.readKPoint:gc.alloc.rate","thrpt",1,12,1221.495582,30.000217,"MB/sec",16
"lab.jvm.serialization.KSweepBench.readKPoint:gc.alloc.rate.norm","thrpt",1,12,5048.027709,0.000726,"B/op",16
"lab.jvm.serialization.KSweepBench.readKPoint:gc.count","thrpt",1,12,82.000000,NaN,"counts",16
"lab.jvm.serialization.KSweepBench.readKPoint:gc.time","thrpt",1,12,41.000000,NaN,"ms",16
"lab.jvm.serialization.KSweepBench.readKPoint","thrpt",1,12,54315.644199,1276.325990,"ops/s",128
"lab.jvm.serialization.KSweepBench.readKPoint:gc.alloc.rate","thrpt",1,12,970.087254,22.745369,"MB/sec",128
"lab.jvm.serialization.KSweepBench.readKPoint:gc.alloc.rate.norm","thrpt",1,12,18732.129752,16.053781,"B/op",128
"lab.jvm.serialization.KSweepBench.readKPoint:gc.count","thrpt",1,12,65.000000,NaN,"counts",128
"lab.jvm.serialization.KSweepBench.readKPoint:gc.time","thrpt",1,12,34.000000,NaN,"ms",128
"lab.jvm.serialization.KSweepBench.readKUnicodeList","thrpt",1,12,109322.158706,2406.319880,"ops/s",1
"lab.jvm.serialization.KSweepBench.readKUnicodeList:gc.alloc.rate","thrpt",1,12,1193.684862,26.005772,"MB/sec",1
"lab.jvm.serialization.KSweepBench.readKUnicodeList:gc.alloc.rate.norm","thrpt",1,12,11452.064398,16.053830,"B/op",1
"lab.jvm.serialization.KSweepBench.readKUnicodeList:gc.count","thrpt",1,12,98.000000,NaN,"counts",1
"lab.jvm.serialization.KSweepBench.readKUnicodeList:gc.time","thrpt",1,12,48.000000,NaN,"ms",1
"lab.jvm.serialization.KSweepBench.readKUnicodeList","thrpt",1,12,8730.797464,245.371289,"ops/s",16
"lab.jvm.serialization.KSweepBench.readKUnicodeList:gc.alloc.rate","thrpt",1,12,1131.569357,31.847033,"MB/sec",16
"lab.jvm.serialization.KSweepBench.readKUnicodeList:gc.alloc.rate.norm","thrpt",1,12,135932.807257,16.053113,"B/op",16
"lab.jvm.serialization.KSweepBench.readKUnicodeList:gc.count","thrpt",1,12,84.000000,NaN,"counts",16
"lab.jvm.serialization.KSweepBench.readKUnicodeList:gc.time","thrpt",1,12,43.000000,NaN,"ms",16
"lab.jvm.serialization.KSweepBench.readKUnicodeList","thrpt",1,12,1113.707509,26.887156,"ops/s",128
"lab.jvm.serialization.KSweepBench.readKUnicodeList:gc.alloc.rate","thrpt",1,12,1132.397359,26.551003,"MB/sec",128
"lab.jvm.serialization.KSweepBench.readKUnicodeList:gc.alloc.rate.norm","thrpt",1,12,1066400.247711,2739.869733,"B/op",128
"lab.jvm.serialization.KSweepBench.readKUnicodeList:gc.count","thrpt",1,12,75.000000,NaN,"counts",128
"lab.jvm.serialization.KSweepBench.readKUnicodeList:gc.time","thrpt",1,12,44.000000,NaN,"ms",128
"lab.jvm.serialization.KSweepBench.writeKAnalytics","thrpt",1,12,25703.060799,396.533414,"ops/s",1
"lab.jvm.serialization.KSweepBench.writeKAnalytics:gc.alloc.rate","thrpt",1,12,2144.806021,33.092667,"MB/sec",1
"lab.jvm.serialization.KSweepBench.writeKAnalytics:gc.alloc.rate.norm","thrpt",1,12,87520.274073,0.004646,"B/op",1
"lab.jvm.serialization.KSweepBench.writeKAnalytics:gc.count","thrpt",1,12,119.000000,NaN,"counts",1
"lab.jvm.serialization.KSweepBench.writeKAnalytics:gc.time","thrpt",1,12,67.000000,NaN,"ms",1
"lab.jvm.serialization.KSweepBench.writeKAnalytics","thrpt",1,12,1100.356634,17.139788,"ops/s",16
"lab.jvm.serialization.KSweepBench.writeKAnalytics:gc.alloc.rate","thrpt",1,12,1425.024245,22.173586,"MB/sec",16
"lab.jvm.serialization.KSweepBench.writeKAnalytics:gc.alloc.rate.norm","thrpt",1,12,1358278.395027,0.095770,"B/op",16
"lab.jvm.serialization.KSweepBench.writeKAnalytics:gc.count","thrpt",1,12,96.000000,NaN,"counts",16
"lab.jvm.serialization.KSweepBench.writeKAnalytics:gc.time","thrpt",1,12,50.000000,NaN,"ms",16
"lab.jvm.serialization.KSweepBench.writeKAnalytics","thrpt",1,12,102.103048,1.708571,"ops/s",128
"lab.jvm.serialization.KSweepBench.writeKAnalytics:gc.alloc.rate","thrpt",1,12,1055.718391,17.677916,"MB/sec",128
"lab.jvm.serialization.KSweepBench.writeKAnalytics:gc.alloc.rate.norm","thrpt",1,12,10845332.687359,1.212850,"B/op",128
"lab.jvm.serialization.KSweepBench.writeKAnalytics:gc.count","thrpt",1,12,88.000000,NaN,"counts",128
"lab.jvm.serialization.KSweepBench.writeKAnalytics:gc.time","thrpt",1,12,54.000000,NaN,"ms",128
"lab.jvm.serialization.KSweepBench.writeKCustomer","thrpt",1,12,1935449.511727,78139.054578,"ops/s",1
"lab.jvm.serialization.KSweepBench.writeKCustomer:gc.alloc.rate","thrpt",1,12,5344.292719,215.681089,"MB/sec",1
"lab.jvm.serialization.KSweepBench.writeKCustomer:gc.alloc.rate.norm","thrpt",1,12,2896.003631,0.000153,"B/op",1
"lab.jvm.serialization.KSweepBench.writeKCustomer:gc.count","thrpt",1,12,216.000000,NaN,"counts",1
"lab.jvm.serialization.KSweepBench.writeKCustomer:gc.time","thrpt",1,12,144.000000,NaN,"ms",1
"lab.jvm.serialization.KSweepBench.writeKCustomer","thrpt",1,12,371663.839873,11498.240131,"ops/s",16
"lab.jvm.serialization.KSweepBench.writeKCustomer:gc.alloc.rate","thrpt",1,12,1805.715500,55.780978,"MB/sec",16
"lab.jvm.serialization.KSweepBench.writeKCustomer:gc.alloc.rate.norm","thrpt",1,12,5096.018901,0.000587,"B/op",16
"lab.jvm.serialization.KSweepBench.writeKCustomer:gc.count","thrpt",1,12,100.000000,NaN,"counts",16
"lab.jvm.serialization.KSweepBench.writeKCustomer:gc.time","thrpt",1,12,56.000000,NaN,"ms",16
"lab.jvm.serialization.KSweepBench.writeKCustomer","thrpt",1,12,56871.472458,1570.665298,"ops/s",128
"lab.jvm.serialization.KSweepBench.writeKCustomer:gc.alloc.rate","thrpt",1,12,1252.840117,34.627349,"MB/sec",128
"lab.jvm.serialization.KSweepBench.writeKCustomer:gc.alloc.rate.norm","thrpt",1,12,23104.123837,0.003607,"B/op",128
"lab.jvm.serialization.KSweepBench.writeKCustomer:gc.count","thrpt",1,12,84.000000,NaN,"counts",128
"lab.jvm.serialization.KSweepBench.writeKCustomer:gc.time","thrpt",1,12,44.000000,NaN,"ms",128
"lab.jvm.serialization.KSweepBench.writeKOrder","thrpt",1,12,480051.643530,11232.675284,"ops/s",1
"lab.jvm.serialization.KSweepBench.writeKOrder:gc.alloc.rate","thrpt",1,12,2262.921789,53.074707,"MB/sec",1
"lab.jvm.serialization.KSweepBench.writeKOrder:gc.alloc.rate.norm","thrpt",1,12,4944.014634,0.000346,"B/op",1
"lab.jvm.serialization.KSweepBench.writeKOrder:gc.count","thrpt",1,12,125.000000,NaN,"counts",1
"lab.jvm.serialization.KSweepBench.writeKOrder:gc.time","thrpt",1,12,67.000000,NaN,"ms",1
"lab.jvm.serialization.KSweepBench.writeKOrder","thrpt",1,12,43666.803245,1184.778051,"ops/s",16
"lab.jvm.serialization.KSweepBench.writeKOrder:gc.alloc.rate","thrpt",1,12,1038.229676,28.171317,"MB/sec",16
"lab.jvm.serialization.KSweepBench.writeKOrder:gc.alloc.rate.norm","thrpt",1,12,24936.161341,0.004416,"B/op",16
"lab.jvm.serialization.KSweepBench.writeKOrder:gc.count","thrpt",1,12,84.000000,NaN,"counts",16
"lab.jvm.serialization.KSweepBench.writeKOrder:gc.time","thrpt",1,12,42.000000,NaN,"ms",16
"lab.jvm.serialization.KSweepBench.writeKOrder","thrpt",1,12,4617.248420,132.239946,"ops/s",128
"lab.jvm.serialization.KSweepBench.writeKOrder:gc.alloc.rate","thrpt",1,12,777.033452,22.263543,"MB/sec",128
"lab.jvm.serialization.KSweepBench.writeKOrder:gc.alloc.rate.norm","thrpt",1,12,176505.526037,0.044655,"B/op",128
"lab.jvm.serialization.KSweepBench.writeKOrder:gc.count","thrpt",1,12,53.000000,NaN,"counts",128
"lab.jvm.serialization.KSweepBench.writeKOrder:gc.time","thrpt",1,12,27.000000,NaN,"ms",128
"lab.jvm.serialization.KSweepBench.writeKPoint","thrpt",1,12,2968387.767613,60608.351469,"ops/s",1
"lab.jvm.serialization.KSweepBench.writeKPoint:gc.alloc.rate","thrpt",1,12,7336.102607,149.803723,"MB/sec",1
"lab.jvm.serialization.KSweepBench.writeKPoint:gc.alloc.rate.norm","thrpt",1,12,2592.002366,0.000050,"B/op",1
"lab.jvm.serialization.KSweepBench.writeKPoint:gc.count","thrpt",1,12,297.000000,NaN,"counts",1
"lab.jvm.serialization.KSweepBench.writeKPoint:gc.time","thrpt",1,12,170.000000,NaN,"ms",1
"lab.jvm.serialization.KSweepBench.writeKPoint","thrpt",1,12,625933.040401,15247.821460,"ops/s",16
"lab.jvm.serialization.KSweepBench.writeKPoint:gc.alloc.rate","thrpt",1,12,2229.671494,54.269293,"MB/sec",16
"lab.jvm.serialization.KSweepBench.writeKPoint:gc.alloc.rate.norm","thrpt",1,12,3736.011220,0.000265,"B/op",16
"lab.jvm.serialization.KSweepBench.writeKPoint:gc.count","thrpt",1,12,124.000000,NaN,"counts",16
"lab.jvm.serialization.KSweepBench.writeKPoint:gc.time","thrpt",1,12,63.000000,NaN,"ms",16
"lab.jvm.serialization.KSweepBench.writeKPoint","thrpt",1,12,80704.492609,1808.806110,"ops/s",128
"lab.jvm.serialization.KSweepBench.writeKPoint:gc.alloc.rate","thrpt",1,12,1069.935154,24.016523,"MB/sec",128
"lab.jvm.serialization.KSweepBench.writeKPoint:gc.alloc.rate.norm","thrpt",1,12,13904.087230,0.002028,"B/op",128
"lab.jvm.serialization.KSweepBench.writeKPoint:gc.count","thrpt",1,12,70.000000,NaN,"counts",128
"lab.jvm.serialization.KSweepBench.writeKPoint:gc.time","thrpt",1,12,37.000000,NaN,"ms",128
"lab.jvm.serialization.KSweepBench.writeKUnicodeList","thrpt",1,12,235243.873127,4829.065642,"ops/s",1
"lab.jvm.serialization.KSweepBench.writeKUnicodeList:gc.alloc.rate","thrpt",1,12,1796.181155,36.912735,"MB/sec",1
"lab.jvm.serialization.KSweepBench.writeKUnicodeList:gc.alloc.rate.norm","thrpt",1,12,8008.029892,0.000655,"B/op",1
"lab.jvm.serialization.KSweepBench.writeKUnicodeList:gc.count","thrpt",1,12,120.000000,NaN,"counts",1
"lab.jvm.serialization.KSweepBench.writeKUnicodeList:gc.time","thrpt",1,12,61.000000,NaN,"ms",1
"lab.jvm.serialization.KSweepBench.writeKUnicodeList","thrpt",1,12,12086.998469,448.239536,"ops/s",16
"lab.jvm.serialization.KSweepBench.writeKUnicodeList:gc.alloc.rate","thrpt",1,12,1048.659517,38.927084,"MB/sec",16
"lab.jvm.serialization.KSweepBench.writeKUnicodeList:gc.alloc.rate.norm","thrpt",1,12,90992.584509,0.023906,"B/op",16
"lab.jvm.serialization.KSweepBench.writeKUnicodeList:gc.count","thrpt",1,12,85.000000,NaN,"counts",16
"lab.jvm.serialization.KSweepBench.writeKUnicodeList:gc.time","thrpt",1,12,43.000000,NaN,"ms",16
"lab.jvm.serialization.KSweepBench.writeKUnicodeList","thrpt",1,12,1456.548839,33.259847,"ops/s",128
"lab.jvm.serialization.KSweepBench.writeKUnicodeList:gc.alloc.rate","thrpt",1,12,987.025784,22.511878,"MB/sec",128
"lab.jvm.serialization.KSweepBench.writeKUnicodeList:gc.alloc.rate.norm","thrpt",1,12,710724.832876,0.118290,"B/op",128
"lab.jvm.serialization.KSweepBench.writeKUnicodeList:gc.count","thrpt",1,12,66.000000,NaN,"counts",128
"lab.jvm.serialization.KSweepBench.writeKUnicodeList:gc.time","thrpt",1,12,34.000000,NaN,"ms",128
"lab.jvm.serialization.SerializationBench.readAnalytics","thrpt",1,12,11536.573189,257.048928,"ops/s",
"lab.jvm.serialization.SerializationBench.readAnalytics:gc.alloc.rate","thrpt",1,12,1148.747662,25.635886,"MB/sec",
"lab.jvm.serialization.SerializationBench.readAnalytics:gc.alloc.rate.norm","thrpt",1,12,104432.612349,0.016494,"B/op",
"lab.jvm.serialization.SerializationBench.readAnalytics:gc.count","thrpt",1,12,93.000000,NaN,"counts",
"lab.jvm.serialization.SerializationBench.readAnalytics:gc.time","thrpt",1,12,45.000000,NaN,"ms",
"lab.jvm.serialization.SerializationBench.readConfigMap","thrpt",1,12,66051.534571,1468.746615,"ops/s",
"lab.jvm.serialization.SerializationBench.readConfigMap:gc.alloc.rate","thrpt",1,12,822.272196,18.279372,"MB/sec",
"lab.jvm.serialization.SerializationBench.readConfigMap:gc.alloc.rate.norm","thrpt",1,12,13056.106519,0.002223,"B/op",
"lab.jvm.serialization.SerializationBench.readConfigMap:gc.count","thrpt",1,12,66.000000,NaN,"counts",
"lab.jvm.serialization.SerializationBench.readConfigMap:gc.time","thrpt",1,12,35.000000,NaN,"ms",
"lab.jvm.serialization.SerializationBench.readCustomer","thrpt",1,12,335219.326341,7659.531748,"ops/s",
"lab.jvm.serialization.SerializationBench.readCustomer:gc.alloc.rate","thrpt",1,12,1495.829846,34.166273,"MB/sec",
"lab.jvm.serialization.SerializationBench.readCustomer:gc.alloc.rate.norm","thrpt",1,12,4680.020926,0.000461,"B/op",
"lab.jvm.serialization.SerializationBench.readCustomer:gc.count","thrpt",1,12,100.000000,NaN,"counts",
"lab.jvm.serialization.SerializationBench.readCustomer:gc.time","thrpt",1,12,50.000000,NaN,"ms",
"lab.jvm.serialization.SerializationBench.readDerived","thrpt",1,12,312093.234468,6613.598755,"ops/s",
"lab.jvm.serialization.SerializationBench.readDerived:gc.alloc.rate","thrpt",1,12,1271.238509,26.958868,"MB/sec",
"lab.jvm.serialization.SerializationBench.readDerived:gc.alloc.rate.norm","thrpt",1,12,4272.022518,0.000481,"B/op",
"lab.jvm.serialization.SerializationBench.readDerived:gc.count","thrpt",1,12,104.000000,NaN,"counts",
"lab.jvm.serialization.SerializationBench.readDerived:gc.time","thrpt",1,12,54.000000,NaN,"ms",
"lab.jvm.serialization.SerializationBench.readEnumHolder","thrpt",1,12,255560.219541,6167.855785,"ops/s",
"lab.jvm.serialization.SerializationBench.readEnumHolder:gc.alloc.rate","thrpt",1,12,1033.208505,28.963512,"MB/sec",
"lab.jvm.serialization.SerializationBench.readEnumHolder:gc.alloc.rate.norm","thrpt",1,12,4240.027494,32.106952,"B/op",
"lab.jvm.serialization.SerializationBench.readEnumHolder:gc.count","thrpt",1,12,83.000000,NaN,"counts",
"lab.jvm.serialization.SerializationBench.readEnumHolder:gc.time","thrpt",1,12,42.000000,NaN,"ms",
"lab.jvm.serialization.SerializationBench.readGraph","thrpt",1,12,208005.810109,5778.610664,"ops/s",
"lab.jvm.serialization.SerializationBench.readGraph:gc.alloc.rate","thrpt",1,12,1124.890537,31.340660,"MB/sec",
"lab.jvm.serialization.SerializationBench.readGraph:gc.alloc.rate.norm","thrpt",1,12,5672.033836,0.000931,"B/op",
"lab.jvm.serialization.SerializationBench.readGraph:gc.count","thrpt",1,12,91.000000,NaN,"counts",
"lab.jvm.serialization.SerializationBench.readGraph:gc.time","thrpt",1,12,43.000000,NaN,"ms",
"lab.jvm.serialization.SerializationBench.readMixedArray","thrpt",1,12,73407.168280,2097.341026,"ops/s",
"lab.jvm.serialization.SerializationBench.readMixedArray:gc.alloc.rate","thrpt",1,12,796.227405,22.764187,"MB/sec",
"lab.jvm.serialization.SerializationBench.readMixedArray:gc.alloc.rate.norm","thrpt",1,12,11376.096048,0.002825,"B/op",
"lab.jvm.serialization.SerializationBench.readMixedArray:gc.count","thrpt",1,12,65.000000,NaN,"counts",
"lab.jvm.serialization.SerializationBench.readMixedArray:gc.time","thrpt",1,12,41.000000,NaN,"ms",
"lab.jvm.serialization.SerializationBench.readOrder","thrpt",1,12,93318.308806,2605.107759,"ops/s",
"lab.jvm.serialization.SerializationBench.readOrder:gc.alloc.rate","thrpt",1,12,910.419715,25.455711,"MB/sec",
"lab.jvm.serialization.SerializationBench.readOrder:gc.alloc.rate.norm","thrpt",1,12,10232.075467,0.002039,"B/op",
"lab.jvm.serialization.SerializationBench.readOrder:gc.count","thrpt",1,12,74.000000,NaN,"counts",
"lab.jvm.serialization.SerializationBench.readOrder:gc.time","thrpt",1,12,36.000000,NaN,"ms",
"lab.jvm.serialization.SerializationBench.readPoint","thrpt",1,12,560086.438173,10538.263157,"ops/s",
"lab.jvm.serialization.SerializationBench.readPoint:gc.alloc.rate","thrpt",1,12,1790.102638,35.896303,"MB/sec",
"lab.jvm.serialization.SerializationBench.readPoint:gc.alloc.rate.norm","thrpt",1,12,3352.012547,21.404803,"B/op",
"lab.jvm.serialization.SerializationBench.readPoint:gc.count","thrpt",1,12,119.000000,NaN,"counts",
"lab.jvm.serialization.SerializationBench.readPoint:gc.time","thrpt",1,12,60.000000,NaN,"ms",
"lab.jvm.serialization.SerializationBench.readStringList","thrpt",1,12,80067.502374,1832.449993,"ops/s",
"lab.jvm.serialization.SerializationBench.readStringList:gc.alloc.rate","thrpt",1,12,1053.190031,23.558538,"MB/sec",
"lab.jvm.serialization.SerializationBench.readStringList:gc.alloc.rate.norm","thrpt",1,12,13796.088083,16.054454,"B/op",
"lab.jvm.serialization.SerializationBench.readStringList:gc.count","thrpt",1,12,86.000000,NaN,"counts",
"lab.jvm.serialization.SerializationBench.readStringList:gc.time","thrpt",1,12,43.000000,NaN,"ms",
"lab.jvm.serialization.SerializationBench.readUnicodeList","thrpt",1,12,110825.381785,2203.261091,"ops/s",
"lab.jvm.serialization.SerializationBench.readUnicodeList:gc.alloc.rate","thrpt",1,12,1210.108925,24.297508,"MB/sec",
"lab.jvm.serialization.SerializationBench.readUnicodeList:gc.alloc.rate.norm","thrpt",1,12,11452.063493,16.053409,"B/op",
"lab.jvm.serialization.SerializationBench.readUnicodeList:gc.count","thrpt",1,12,98.000000,NaN,"counts",
"lab.jvm.serialization.SerializationBench.readUnicodeList:gc.time","thrpt",1,12,47.000000,NaN,"ms",
"lab.jvm.serialization.SerializationBench.reuseWriteCustomer","thrpt",1,12,2597176.833546,82511.877355,"ops/s",
"lab.jvm.serialization.SerializationBench.reuseWriteCustomer:gc.alloc.rate","thrpt",1,12,713.188654,22.647856,"MB/sec",
"lab.jvm.serialization.SerializationBench.reuseWriteCustomer:gc.alloc.rate.norm","thrpt",1,12,288.002704,0.000086,"B/op",
"lab.jvm.serialization.SerializationBench.reuseWriteCustomer:gc.count","thrpt",1,12,58.000000,NaN,"counts",
"lab.jvm.serialization.SerializationBench.reuseWriteCustomer:gc.time","thrpt",1,12,27.000000,NaN,"ms",
"lab.jvm.serialization.SerializationBench.reuseWriteOrder","thrpt",1,12,349917.863934,218399.627123,"ops/s",
"lab.jvm.serialization.SerializationBench.reuseWriteOrder:gc.alloc.rate","thrpt",1,12,365.642576,228.277501,"MB/sec",
"lab.jvm.serialization.SerializationBench.reuseWriteOrder:gc.alloc.rate.norm","thrpt",1,12,1096.024493,0.013286,"B/op",
"lab.jvm.serialization.SerializationBench.reuseWriteOrder:gc.count","thrpt",1,12,29.000000,NaN,"counts",
"lab.jvm.serialization.SerializationBench.reuseWriteOrder:gc.time","thrpt",1,12,28.000000,NaN,"ms",
"lab.jvm.serialization.SerializationBench.writeAnalytics","thrpt",1,12,15014.823951,6525.133385,"ops/s",
"lab.jvm.serialization.SerializationBench.writeAnalytics:gc.alloc.rate","thrpt",1,12,1294.236197,562.530585,"MB/sec",
"lab.jvm.serialization.SerializationBench.writeAnalytics:gc.alloc.rate.norm","thrpt",1,12,90408.509033,0.170661,"B/op",
"lab.jvm.serialization.SerializationBench.writeAnalytics:gc.count","thrpt",1,12,78.000000,NaN,"counts",
"lab.jvm.serialization.SerializationBench.writeAnalytics:gc.time","thrpt",1,12,57.000000,NaN,"ms",
"lab.jvm.serialization.SerializationBench.writeConfigMap","thrpt",1,12,377364.526703,44728.611782,"ops/s",
"lab.jvm.serialization.SerializationBench.writeConfigMap:gc.alloc.rate","thrpt",1,12,2898.623056,343.556618,"MB/sec",
"lab.jvm.serialization.SerializationBench.writeConfigMap:gc.alloc.rate.norm","thrpt",1,12,8056.018797,0.002810,"B/op",
"lab.jvm.serialization.SerializationBench.writeConfigMap:gc.count","thrpt",1,12,146.000000,NaN,"counts",
"lab.jvm.serialization.SerializationBench.writeConfigMap:gc.time","thrpt",1,12,83.000000,NaN,"ms",
"lab.jvm.serialization.SerializationBench.writeCustomer","thrpt",1,12,2003687.042599,71784.237729,"ops/s",
"lab.jvm.serialization.SerializationBench.writeCustomer:gc.alloc.rate","thrpt",1,12,5548.130864,198.811938,"MB/sec",
"lab.jvm.serialization.SerializationBench.writeCustomer:gc.alloc.rate.norm","thrpt",1,12,2904.003508,0.000130,"B/op",
"lab.jvm.serialization.SerializationBench.writeCustomer:gc.count","thrpt",1,12,229.000000,NaN,"counts",
"lab.jvm.serialization.SerializationBench.writeCustomer:gc.time","thrpt",1,12,133.000000,NaN,"ms",
"lab.jvm.serialization.SerializationBench.writeDerived","thrpt",1,12,1685209.367847,49587.908661,"ops/s",
"lab.jvm.serialization.SerializationBench.writeDerived:gc.alloc.rate","thrpt",1,12,5887.223614,173.461481,"MB/sec",
"lab.jvm.serialization.SerializationBench.writeDerived:gc.alloc.rate.norm","thrpt",1,12,3664.004170,0.000118,"B/op",
"lab.jvm.serialization.SerializationBench.writeDerived:gc.count","thrpt",1,12,266.000000,NaN,"counts",
"lab.jvm.serialization.SerializationBench.writeDerived:gc.time","thrpt",1,12,149.000000,NaN,"ms",
"lab.jvm.serialization.SerializationBench.writeEnumHolder","thrpt",1,12,2051854.294385,43442.062908,"ops/s",
"lab.jvm.serialization.SerializationBench.writeEnumHolder:gc.alloc.rate","thrpt",1,12,6150.974574,130.389378,"MB/sec",
"lab.jvm.serialization.SerializationBench.writeEnumHolder:gc.alloc.rate.norm","thrpt",1,12,3144.003421,0.000072,"B/op",
"lab.jvm.serialization.SerializationBench.writeEnumHolder:gc.count","thrpt",1,12,254.000000,NaN,"counts",
"lab.jvm.serialization.SerializationBench.writeEnumHolder:gc.time","thrpt",1,12,146.000000,NaN,"ms",
"lab.jvm.serialization.SerializationBench.writeGraph","thrpt",1,12,1177166.760633,17987.902988,"ops/s",
"lab.jvm.serialization.SerializationBench.writeGraph:gc.alloc.rate","thrpt",1,12,5665.909593,86.586370,"MB/sec",
"lab.jvm.serialization.SerializationBench.writeGraph:gc.alloc.rate.norm","thrpt",1,12,5048.005957,0.000083,"B/op",
"lab.jvm.serialization.SerializationBench.writeGraph:gc.count","thrpt",1,12,230.000000,NaN,"counts",
"lab.jvm.serialization.SerializationBench.writeGraph:gc.time","thrpt",1,12,137.000000,NaN,"ms",
"lab.jvm.serialization.SerializationBench.writeMixedArray","thrpt",1,12,604404.564769,16975.429470,"ops/s",
"lab.jvm.serialization.SerializationBench.writeMixedArray:gc.alloc.rate","thrpt",1,12,4518.165762,126.953886,"MB/sec",
"lab.jvm.serialization.SerializationBench.writeMixedArray:gc.alloc.rate.norm","thrpt",1,12,7840.011621,0.000335,"B/op",
"lab.jvm.serialization.SerializationBench.writeMixedArray:gc.count","thrpt",1,12,206.000000,NaN,"counts",
"lab.jvm.serialization.SerializationBench.writeMixedArray:gc.time","thrpt",1,12,122.000000,NaN,"ms",
"lab.jvm.serialization.SerializationBench.writeOrder","thrpt",1,12,426301.881079,8848.521287,"ops/s",
"lab.jvm.serialization.SerializationBench.writeOrder:gc.alloc.rate","thrpt",1,12,3349.212603,69.778318,"MB/sec",
"lab.jvm.serialization.SerializationBench.writeOrder:gc.alloc.rate.norm","thrpt",1,12,8240.016466,0.000341,"B/op",
"lab.jvm.serialization.SerializationBench.writeOrder:gc.count","thrpt",1,12,154.000000,NaN,"counts",
"lab.jvm.serialization.SerializationBench.writeOrder:gc.time","thrpt",1,12,90.000000,NaN,"ms",
"lab.jvm.serialization.SerializationBench.writePoint","thrpt",1,12,2941773.458265,84473.326731,"ops/s",
"lab.jvm.serialization.SerializationBench.writePoint:gc.alloc.rate","thrpt",1,12,7674.135907,220.666098,"MB/sec",
"lab.jvm.serialization.SerializationBench.writePoint:gc.alloc.rate.norm","thrpt",1,12,2736.002386,0.000068,"B/op",
"lab.jvm.serialization.SerializationBench.writePoint:gc.count","thrpt",1,12,293.000000,NaN,"counts",
"lab.jvm.serialization.SerializationBench.writePoint:gc.time","thrpt",1,12,180.000000,NaN,"ms",
"lab.jvm.serialization.SerializationBench.writeStringList","thrpt",1,12,164790.611171,3536.412012,"ops/s",
"lab.jvm.serialization.SerializationBench.writeStringList:gc.alloc.rate","thrpt",1,12,2449.759040,52.888235,"MB/sec",
"lab.jvm.serialization.SerializationBench.writeStringList:gc.alloc.rate.norm","thrpt",1,12,15592.042703,0.000939,"B/op",
"lab.jvm.serialization.SerializationBench.writeStringList:gc.count","thrpt",1,12,136.000000,NaN,"counts",
"lab.jvm.serialization.SerializationBench.writeStringList:gc.time","thrpt",1,12,75.000000,NaN,"ms",
"lab.jvm.serialization.SerializationBench.writeUnicodeList","thrpt",1,12,217232.450831,5068.138278,"ops/s",
"lab.jvm.serialization.SerializationBench.writeUnicodeList:gc.alloc.rate","thrpt",1,12,2939.498645,68.664160,"MB/sec",
"lab.jvm.serialization.SerializationBench.writeUnicodeList:gc.alloc.rate.norm","thrpt",1,12,14192.032369,0.000794,"B/op",
"lab.jvm.serialization.SerializationBench.writeUnicodeList:gc.count","thrpt",1,12,149.000000,NaN,"counts",
"lab.jvm.serialization.SerializationBench.writeUnicodeList:gc.time","thrpt",1,12,84.000000,NaN,"ms",
"lab.jvm.serialization.StringCharsetBench.readAscii1020","thrpt",1,12,1128746.643103,25995.107884,"ops/s",
"lab.jvm.serialization.StringCharsetBench.readAscii1020:gc.alloc.rate","thrpt",1,12,4502.822735,103.640320,"MB/sec",
"lab.jvm.serialization.StringCharsetBench.readAscii1020:gc.alloc.rate.norm","thrpt",1,12,4184.006223,0.000145,"B/op",
"lab.jvm.serialization.StringCharsetBench.readAscii1020:gc.count","thrpt",1,12,203.000000,NaN,"counts",
"lab.jvm.serialization.StringCharsetBench.readAscii1020:gc.time","thrpt",1,12,119.000000,NaN,"ms",
"lab.jvm.serialization.StringCharsetBench.readAscii1030","thrpt",1,12,1093359.050493,22054.028008,"ops/s",
"lab.jvm.serialization.StringCharsetBench.readAscii1030:gc.alloc.rate","thrpt",1,12,4378.350396,88.158127,"MB/sec",
"lab.jvm.serialization.StringCharsetBench.readAscii1030:gc.alloc.rate.norm","thrpt",1,12,4200.006421,0.000132,"B/op",
"lab.jvm.serialization.StringCharsetBench.readAscii1030:gc.count","thrpt",1,12,199.000000,NaN,"counts",
"lab.jvm.serialization.StringCharsetBench.readAscii1030:gc.time","thrpt",1,12,113.000000,NaN,"ms",
"lab.jvm.serialization.StringCharsetBench.readAscii32","thrpt",1,12,123104.400882,2949.298358,"ops/s",
"lab.jvm.serialization.StringCharsetBench.readAscii32:gc.alloc.rate","thrpt",1,12,1107.113451,26.539896,"MB/sec",
"lab.jvm.serialization.StringCharsetBench.readAscii32:gc.alloc.rate.norm","thrpt",1,12,9432.057100,0.001320,"B/op",
"lab.jvm.serialization.StringCharsetBench.readAscii32:gc.count","thrpt",1,12,90.000000,NaN,"counts",
"lab.jvm.serialization.StringCharsetBench.readAscii32:gc.time","thrpt",1,12,43.000000,NaN,"ms",
"lab.jvm.serialization.StringCharsetBench.readAscii4096","thrpt",1,12,303520.059102,5716.859547,"ops/s",
"lab.jvm.serialization.StringCharsetBench.readAscii4096:gc.alloc.rate","thrpt",1,12,2988.850275,56.295466,"MB/sec",
"lab.jvm.serialization.StringCharsetBench.readAscii4096:gc.alloc.rate.norm","thrpt",1,12,10328.023177,0.000451,"B/op",
"lab.jvm.serialization.StringCharsetBench.readAscii4096:gc.count","thrpt",1,12,165.000000,NaN,"counts",
"lab.jvm.serialization.StringCharsetBench.readAscii4096:gc.time","thrpt",1,12,89.000000,NaN,"ms",
"lab.jvm.serialization.StringCharsetBench.readAscii96","thrpt",1,12,93933.966115,1991.836701,"ops/s",
"lab.jvm.serialization.StringCharsetBench.readAscii96:gc.alloc.rate","thrpt",1,12,1224.495108,26.011691,"MB/sec",
"lab.jvm.serialization.StringCharsetBench.readAscii96:gc.alloc.rate.norm","thrpt",1,12,13672.074958,0.001611,"B/op",
"lab.jvm.serialization.StringCharsetBench.readAscii96:gc.count","thrpt",1,12,100.000000,NaN,"counts",
"lab.jvm.serialization.StringCharsetBench.readAscii96:gc.time","thrpt",1,12,48.000000,NaN,"ms",
"lab.jvm.serialization.StringCharsetBench.readCjk32","thrpt",1,12,81456.896090,1393.650374,"ops/s",
"lab.jvm.serialization.StringCharsetBench.readCjk32:gc.alloc.rate","thrpt",1,12,1158.465751,19.995383,"MB/sec",
"lab.jvm.serialization.StringCharsetBench.readCjk32:gc.alloc.rate.norm","thrpt",1,12,14916.086373,16.053477,"B/op",
"lab.jvm.serialization.StringCharsetBench.readCjk32:gc.count","thrpt",1,12,94.000000,NaN,"counts",
"lab.jvm.serialization.StringCharsetBench.readCjk32:gc.time","thrpt",1,12,44.000000,NaN,"ms",
"lab.jvm.serialization.StringCharsetBench.readCjk350","thrpt",1,12,856860.635114,5915.498134,"ops/s",
"lab.jvm.serialization.StringCharsetBench.readCjk350:gc.alloc.rate","thrpt",1,12,4914.970487,33.906642,"MB/sec",
"lab.jvm.serialization.StringCharsetBench.readCjk350:gc.alloc.rate.norm","thrpt",1,12,6016.008193,0.000062,"B/op",
"lab.jvm.serialization.StringCharsetBench.readCjk350:gc.count","thrpt",1,12,213.000000,NaN,"counts",
"lab.jvm.serialization.StringCharsetBench.readCjk350:gc.time","thrpt",1,12,128.000000,NaN,"ms",
"lab.jvm.serialization.StringCharsetBench.readEmoji16","thrpt",1,12,81181.289337,1123.813244,"ops/s",
"lab.jvm.serialization.StringCharsetBench.readEmoji16:gc.alloc.rate","thrpt",1,12,1153.609595,15.976039,"MB/sec",
"lab.jvm.serialization.StringCharsetBench.readEmoji16:gc.alloc.rate.norm","thrpt",1,12,14904.086786,0.001132,"B/op",
"lab.jvm.serialization.StringCharsetBench.readEmoji16:gc.count","thrpt",1,12,94.000000,NaN,"counts",
"lab.jvm.serialization.StringCharsetBench.readEmoji16:gc.time","thrpt",1,12,46.000000,NaN,"ms",
"lab.jvm.serialization.StringCharsetBench.readNul32","thrpt",1,12,101984.680665,2255.851768,"ops/s",
"lab.jvm.serialization.StringCharsetBench.readNul32:gc.alloc.rate","thrpt",1,12,920.301816,21.260682,"MB/sec",
"lab.jvm.serialization.StringCharsetBench.readNul32:gc.alloc.rate.norm","thrpt",1,12,9464.069026,32.106765,"B/op",
"lab.jvm.serialization.StringCharsetBench.readNul32:gc.count","thrpt",1,12,74.000000,NaN,"counts",
"lab.jvm.serialization.StringCharsetBench.readNul32:gc.time","thrpt",1,12,34.000000,NaN,"ms",
"lab.jvm.serialization.StringCharsetBench.writeAscii1020","thrpt",1,12,1014096.989357,17118.172877,"ops/s",
"lab.jvm.serialization.StringCharsetBench.writeAscii1020:gc.alloc.rate","thrpt",1,12,11161.741947,188.731372,"MB/sec",
"lab.jvm.serialization.StringCharsetBench.writeAscii1020:gc.alloc.rate.norm","thrpt",1,12,11544.006921,0.000116,"B/op",
"lab.jvm.serialization.StringCharsetBench.writeAscii1020:gc.count","thrpt",1,12,319.000000,NaN,"counts",
"lab.jvm.serialization.StringCharsetBench.writeAscii1020:gc.time","thrpt",1,12,234.000000,NaN,"ms",
"lab.jvm.serialization.StringCharsetBench.writeAscii1030","thrpt",1,12,1005102.589572,9584.691936,"ops/s",
"lab.jvm.serialization.StringCharsetBench.writeAscii1030:gc.alloc.rate","thrpt",1,12,11070.775285,105.392991,"MB/sec",
"lab.jvm.serialization.StringCharsetBench.writeAscii1030:gc.alloc.rate.norm","thrpt",1,12,11552.006985,0.000062,"B/op",
"lab.jvm.serialization.StringCharsetBench.writeAscii1030:gc.count","thrpt",1,12,303.000000,NaN,"counts",
"lab.jvm.serialization.StringCharsetBench.writeAscii1030:gc.time","thrpt",1,12,213.000000,NaN,"ms",
"lab.jvm.serialization.StringCharsetBench.writeAscii32","thrpt",1,12,260876.626235,5057.292815,"ops/s",
"lab.jvm.serialization.StringCharsetBench.writeAscii32:gc.alloc.rate","thrpt",1,12,3603.680591,69.916633,"MB/sec",
"lab.jvm.serialization.StringCharsetBench.writeAscii32:gc.alloc.rate.norm","thrpt",1,12,14488.026972,0.000519,"B/op",
"lab.jvm.serialization.StringCharsetBench.writeAscii32:gc.count","thrpt",1,12,167.000000,NaN,"counts",
"lab.jvm.serialization.StringCharsetBench.writeAscii32:gc.time","thrpt",1,12,94.000000,NaN,"ms",
"lab.jvm.serialization.StringCharsetBench.writeAscii4096","thrpt",1,12,558852.038803,11641.109486,"ops/s",
"lab.jvm.serialization.StringCharsetBench.writeAscii4096:gc.alloc.rate","thrpt",1,12,7788.132307,162.241273,"MB/sec",
"lab.jvm.serialization.StringCharsetBench.writeAscii4096:gc.alloc.rate.norm","thrpt",1,12,14616.012571,0.000277,"B/op",
"lab.jvm.serialization.StringCharsetBench.writeAscii4096:gc.count","thrpt",1,12,277.000000,NaN,"counts",
"lab.jvm.serialization.StringCharsetBench.writeAscii4096:gc.time","thrpt",1,12,180.000000,NaN,"ms",
"lab.jvm.serialization.StringCharsetBench.writeAscii96","thrpt",1,12,210601.488639,4835.325703,"ops/s",
"lab.jvm.serialization.StringCharsetBench.writeAscii96:gc.alloc.rate","thrpt",1,12,3731.767127,85.723611,"MB/sec",
"lab.jvm.serialization.StringCharsetBench.writeAscii96:gc.alloc.rate.norm","thrpt",1,12,18584.033417,0.000759,"B/op",
"lab.jvm.serialization.StringCharsetBench.writeAscii96:gc.count","thrpt",1,12,173.000000,NaN,"counts",
"lab.jvm.serialization.StringCharsetBench.writeAscii96:gc.time","thrpt",1,12,102.000000,NaN,"ms",
"lab.jvm.serialization.StringCharsetBench.writeCjk32","thrpt",1,12,115714.574924,1882.509215,"ops/s",
"lab.jvm.serialization.StringCharsetBench.writeCjk32:gc.alloc.rate","thrpt",1,12,2050.238949,33.289601,"MB/sec",
"lab.jvm.serialization.StringCharsetBench.writeCjk32:gc.alloc.rate.norm","thrpt",1,12,18584.060833,0.001011,"B/op",
"lab.jvm.serialization.StringCharsetBench.writeCjk32:gc.count","thrpt",1,12,139.000000,NaN,"counts",
"lab.jvm.serialization.StringCharsetBench.writeCjk32:gc.time","thrpt",1,12,72.000000,NaN,"ms",
"lab.jvm.serialization.StringCharsetBench.writeCjk350","thrpt",1,12,630378.188505,10674.867198,"ops/s",
"lab.jvm.serialization.StringCharsetBench.writeCjk350:gc.alloc.rate","thrpt",1,12,6957.737773,117.849044,"MB/sec",
"lab.jvm.serialization.StringCharsetBench.writeCjk350:gc.alloc.rate.norm","thrpt",1,12,11576.011142,0.000201,"B/op",
"lab.jvm.serialization.StringCharsetBench.writeCjk350:gc.count","thrpt",1,12,250.000000,NaN,"counts",
"lab.jvm.serialization.StringCharsetBench.writeCjk350:gc.time","thrpt",1,12,163.000000,NaN,"ms",
"lab.jvm.serialization.StringCharsetBench.writeEmoji16","thrpt",1,12,117610.826896,2282.095671,"ops/s",
"lab.jvm.serialization.StringCharsetBench.writeEmoji16:gc.alloc.rate","thrpt",1,12,2083.925522,40.377716,"MB/sec",
"lab.jvm.serialization.StringCharsetBench.writeEmoji16:gc.alloc.rate.norm","thrpt",1,12,18584.059841,0.001171,"B/op",
"lab.jvm.serialization.StringCharsetBench.writeEmoji16:gc.count","thrpt",1,12,116.000000,NaN,"counts",
"lab.jvm.serialization.StringCharsetBench.writeEmoji16:gc.time","thrpt",1,12,63.000000,NaN,"ms",
"lab.jvm.serialization.StringCharsetBench.writeNul32","thrpt",1,12,170268.391670,2793.364515,"ops/s",
"lab.jvm.serialization.StringCharsetBench.writeNul32:gc.alloc.rate","thrpt",1,12,2362.457181,38.715731,"MB/sec",
"lab.jvm.serialization.StringCharsetBench.writeNul32:gc.alloc.rate.norm","thrpt",1,12,14552.041329,0.000713,"B/op",
"lab.jvm.serialization.StringCharsetBench.writeNul32:gc.count","thrpt",1,12,131.000000,NaN,"counts",
"lab.jvm.serialization.StringCharsetBench.writeNul32:gc.time","thrpt",1,12,71.000000,NaN,"ms",
