"Benchmark","Mode","Threads","Samples","Score","Score Error (99.9%)","Unit"
"lab.jvm.serialization.SerializationBench.readAnalytics","thrpt",1,24,7812.554797,3010.570607,"ops/s"
"lab.jvm.serialization.SerializationBench.readAnalytics:gc.alloc.rate","thrpt",1,24,963.326756,371.244854,"MB/sec"
"lab.jvm.serialization.SerializationBench.readAnalytics:gc.alloc.rate.norm","thrpt",1,24,129312.584379,0.218768,"B/op"
"lab.jvm.serialization.SerializationBench.readAnalytics:gc.count","thrpt",1,24,259.000000,NaN,"counts"
"lab.jvm.serialization.SerializationBench.readAnalytics:gc.time","thrpt",1,24,179.000000,NaN,"ms"
"lab.jvm.serialization.SerializationBench.readConfigMap","thrpt",1,24,66162.129591,9425.382058,"ops/s"
"lab.jvm.serialization.SerializationBench.readConfigMap:gc.alloc.rate","thrpt",1,24,891.337556,126.981117,"MB/sec"
"lab.jvm.serialization.SerializationBench.readConfigMap:gc.alloc.rate.norm","thrpt",1,24,14128.056462,0.014577,"B/op"
"lab.jvm.serialization.SerializationBench.readConfigMap:gc.count","thrpt",1,24,289.000000,NaN,"counts"
"lab.jvm.serialization.SerializationBench.readConfigMap:gc.time","thrpt",1,24,148.000000,NaN,"ms"
"lab.jvm.serialization.SerializationBench.readCustomer","thrpt",1,24,321387.225485,74871.688682,"ops/s"
"lab.jvm.serialization.SerializationBench.readCustomer:gc.alloc.rate","thrpt",1,24,1532.297462,357.006437,"MB/sec"
"lab.jvm.serialization.SerializationBench.readCustomer:gc.alloc.rate.norm","thrpt",1,24,5000.013340,0.006535,"B/op"
"lab.jvm.serialization.SerializationBench.readCustomer:gc.count","thrpt",1,24,410.000000,NaN,"counts"
"lab.jvm.serialization.SerializationBench.readCustomer:gc.time","thrpt",1,24,232.000000,NaN,"ms"
"lab.jvm.serialization.SerializationBench.readDerived","thrpt",1,24,121898.298369,6824.163573,"ops/s"
"lab.jvm.serialization.SerializationBench.readDerived:gc.alloc.rate","thrpt",1,24,514.202213,28.785226,"MB/sec"
"lab.jvm.serialization.SerializationBench.readDerived:gc.alloc.rate.norm","thrpt",1,24,4424.028903,0.001655,"B/op"
"lab.jvm.serialization.SerializationBench.readDerived:gc.count","thrpt",1,24,158.000000,NaN,"counts"
"lab.jvm.serialization.SerializationBench.readDerived:gc.time","thrpt",1,24,128.000000,NaN,"ms"
"lab.jvm.serialization.SerializationBench.readEnumHolder","thrpt",1,24,136619.322751,45890.069536,"ops/s"
"lab.jvm.serialization.SerializationBench.readEnumHolder:gc.alloc.rate","thrpt",1,24,573.761862,191.545199,"MB/sec"
"lab.jvm.serialization.SerializationBench.readEnumHolder:gc.alloc.rate.norm","thrpt",1,24,4408.028967,8.892887,"B/op"
"lab.jvm.serialization.SerializationBench.readEnumHolder:gc.count","thrpt",1,24,186.000000,NaN,"counts"
"lab.jvm.serialization.SerializationBench.readEnumHolder:gc.time","thrpt",1,24,118.000000,NaN,"ms"
"lab.jvm.serialization.SerializationBench.readGraph","thrpt",1,24,80917.591112,10329.346420,"ops/s"
"lab.jvm.serialization.SerializationBench.readGraph:gc.alloc.rate","thrpt",1,24,458.603484,58.541574,"MB/sec"
"lab.jvm.serialization.SerializationBench.readGraph:gc.alloc.rate.norm","thrpt",1,24,5944.044390,0.005471,"B/op"
"lab.jvm.serialization.SerializationBench.readGraph:gc.count","thrpt",1,24,150.000000,NaN,"counts"
"lab.jvm.serialization.SerializationBench.readGraph:gc.time","thrpt",1,24,126.000000,NaN,"ms"
"lab.jvm.serialization.SerializationBench.readMixedArray","thrpt",1,24,27478.384988,3859.945422,"ops/s"
"lab.jvm.serialization.SerializationBench.readMixedArray:gc.alloc.rate","thrpt",1,24,318.381507,44.698360,"MB/sec"
"lab.jvm.serialization.SerializationBench.readMixedArray:gc.alloc.rate.norm","thrpt",1,24,12152.132817,8.894582,"B/op"
"lab.jvm.serialization.SerializationBench.readMixedArray:gc.count","thrpt",1,24,103.000000,NaN,"counts"
"lab.jvm.serialization.SerializationBench.readMixedArray:gc.time","thrpt",1,24,86.000000,NaN,"ms"
"lab.jvm.serialization.SerializationBench.readOrder","thrpt",1,24,46293.131432,12743.107896,"ops/s"
"lab.jvm.serialization.SerializationBench.readOrder:gc.alloc.rate","thrpt",1,24,490.611939,135.428869,"MB/sec"
"lab.jvm.serialization.SerializationBench.readOrder:gc.alloc.rate.norm","thrpt",1,24,11112.082659,8.878828,"B/op"
"lab.jvm.serialization.SerializationBench.readOrder:gc.count","thrpt",1,24,160.000000,NaN,"counts"
"lab.jvm.serialization.SerializationBench.readOrder:gc.time","thrpt",1,24,109.000000,NaN,"ms"
"lab.jvm.serialization.SerializationBench.readPoint","thrpt",1,24,512828.507940,66115.722761,"ops/s"
"lab.jvm.serialization.SerializationBench.readPoint:gc.alloc.rate","thrpt",1,24,1681.377335,218.675405,"MB/sec"
"lab.jvm.serialization.SerializationBench.readPoint:gc.alloc.rate.norm","thrpt",1,24,3437.340456,11.850227,"B/op"
"lab.jvm.serialization.SerializationBench.readPoint:gc.count","thrpt",1,24,426.000000,NaN,"counts"
"lab.jvm.serialization.SerializationBench.readPoint:gc.time","thrpt",1,24,238.000000,NaN,"ms"
"lab.jvm.serialization.SerializationBench.readStringList","thrpt",1,24,76409.940987,12144.460103,"ops/s"
"lab.jvm.serialization.SerializationBench.readStringList:gc.alloc.rate","thrpt",1,24,1291.027700,205.053133,"MB/sec"
"lab.jvm.serialization.SerializationBench.readStringList:gc.alloc.rate.norm","thrpt",1,24,17720.049774,8.892452,"B/op"
"lab.jvm.serialization.SerializationBench.readStringList:gc.count","thrpt",1,24,365.000000,NaN,"counts"
"lab.jvm.serialization.SerializationBench.readStringList:gc.time","thrpt",1,24,196.000000,NaN,"ms"
"lab.jvm.serialization.SerializationBench.readUnicodeList","thrpt",1,24,37400.697471,4561.357452,"ops/s"
"lab.jvm.serialization.SerializationBench.readUnicodeList:gc.alloc.rate","thrpt",1,24,625.238049,71.377612,"MB/sec"
"lab.jvm.serialization.SerializationBench.readUnicodeList:gc.alloc.rate.norm","thrpt",1,24,17568.095652,573.336955,"B/op"
"lab.jvm.serialization.SerializationBench.readUnicodeList:gc.count","thrpt",1,24,157.000000,NaN,"counts"
"lab.jvm.serialization.SerializationBench.readUnicodeList:gc.time","thrpt",1,24,156.000000,NaN,"ms"
"lab.jvm.serialization.SerializationBench.reuseWriteCustomer","thrpt",1,24,1243833.674755,155402.026197,"ops/s"
"lab.jvm.serialization.SerializationBench.reuseWriteCustomer:gc.alloc.rate","thrpt",1,24,341.577890,42.676095,"MB/sec"
"lab.jvm.serialization.SerializationBench.reuseWriteCustomer:gc.alloc.rate.norm","thrpt",1,24,288.002900,0.000435,"B/op"
"lab.jvm.serialization.SerializationBench.reuseWriteCustomer:gc.count","thrpt",1,24,112.000000,NaN,"counts"
"lab.jvm.serialization.SerializationBench.reuseWriteCustomer:gc.time","thrpt",1,24,87.000000,NaN,"ms"
"lab.jvm.serialization.SerializationBench.reuseWriteOrder","thrpt",1,24,229570.467826,19182.868217,"ops/s"
"lab.jvm.serialization.SerializationBench.reuseWriteOrder:gc.alloc.rate","thrpt",1,24,239.905924,20.050100,"MB/sec"
"lab.jvm.serialization.SerializationBench.reuseWriteOrder:gc.alloc.rate.norm","thrpt",1,24,1096.015427,0.001400,"B/op"
"lab.jvm.serialization.SerializationBench.reuseWriteOrder:gc.count","thrpt",1,24,80.000000,NaN,"counts"
"lab.jvm.serialization.SerializationBench.reuseWriteOrder:gc.time","thrpt",1,24,78.000000,NaN,"ms"
"lab.jvm.serialization.SerializationBench.writeAnalytics","thrpt",1,24,11981.432916,4789.586505,"ops/s"
"lab.jvm.serialization.SerializationBench.writeAnalytics:gc.alloc.rate","thrpt",1,24,1032.858078,412.934225,"MB/sec"
"lab.jvm.serialization.SerializationBench.writeAnalytics:gc.alloc.rate.norm","thrpt",1,24,90408.364603,0.120142,"B/op"
"lab.jvm.serialization.SerializationBench.writeAnalytics:gc.count","thrpt",1,24,230.000000,NaN,"counts"
"lab.jvm.serialization.SerializationBench.writeAnalytics:gc.time","thrpt",1,24,202.000000,NaN,"ms"
"lab.jvm.serialization.SerializationBench.writeConfigMap","thrpt",1,24,380957.671353,24001.324190,"ops/s"
"lab.jvm.serialization.SerializationBench.writeConfigMap:gc.alloc.rate","thrpt",1,24,2926.417421,184.422018,"MB/sec"
"lab.jvm.serialization.SerializationBench.writeConfigMap:gc.alloc.rate.norm","thrpt",1,24,8056.009292,0.000667,"B/op"
"lab.jvm.serialization.SerializationBench.writeConfigMap:gc.count","thrpt",1,24,536.000000,NaN,"counts"
"lab.jvm.serialization.SerializationBench.writeConfigMap:gc.time","thrpt",1,24,363.000000,NaN,"ms"
"lab.jvm.serialization.SerializationBench.writeCustomer","thrpt",1,24,889646.575541,66645.285233,"ops/s"
"lab.jvm.serialization.SerializationBench.writeCustomer:gc.alloc.rate","thrpt",1,24,2463.357035,184.539399,"MB/sec"
"lab.jvm.serialization.SerializationBench.writeCustomer:gc.alloc.rate.norm","thrpt",1,24,2904.003969,0.000327,"B/op"
"lab.jvm.serialization.SerializationBench.writeCustomer:gc.count","thrpt",1,24,412.000000,NaN,"counts"
"lab.jvm.serialization.SerializationBench.writeCustomer:gc.time","thrpt",1,24,409.000000,NaN,"ms"
"lab.jvm.serialization.SerializationBench.writeDerived","thrpt",1,24,875433.210476,40199.403230,"ops/s"
"lab.jvm.serialization.SerializationBench.writeDerived:gc.alloc.rate","thrpt",1,24,3058.456564,140.430645,"MB/sec"
"lab.jvm.serialization.SerializationBench.writeDerived:gc.alloc.rate.norm","thrpt",1,24,3664.004010,0.000188,"B/op"
"lab.jvm.serialization.SerializationBench.writeDerived:gc.count","thrpt",1,24,500.000000,NaN,"counts"
"lab.jvm.serialization.SerializationBench.writeDerived:gc.time","thrpt",1,24,500.000000,NaN,"ms"
"lab.jvm.serialization.SerializationBench.writeEnumHolder","thrpt",1,24,1124390.677134,26978.382885,"ops/s"
"lab.jvm.serialization.SerializationBench.writeEnumHolder:gc.alloc.rate","thrpt",1,24,3370.711935,80.871375,"MB/sec"
"lab.jvm.serialization.SerializationBench.writeEnumHolder:gc.alloc.rate.norm","thrpt",1,24,3144.003113,0.000073,"B/op"
"lab.jvm.serialization.SerializationBench.writeEnumHolder:gc.count","thrpt",1,24,500.000000,NaN,"counts"
"lab.jvm.serialization.SerializationBench.writeEnumHolder:gc.time","thrpt",1,24,474.000000,NaN,"ms"
"lab.jvm.serialization.SerializationBench.writeGraph","thrpt",1,24,506142.057227,43817.257971,"ops/s"
"lab.jvm.serialization.SerializationBench.writeGraph:gc.alloc.rate","thrpt",1,24,2436.115573,210.881058,"MB/sec"
"lab.jvm.serialization.SerializationBench.writeGraph:gc.alloc.rate.norm","thrpt",1,24,5048.007011,0.000676,"B/op"
"lab.jvm.serialization.SerializationBench.writeGraph:gc.count","thrpt",1,24,423.000000,NaN,"counts"
"lab.jvm.serialization.SerializationBench.writeGraph:gc.time","thrpt",1,24,451.000000,NaN,"ms"
"lab.jvm.serialization.SerializationBench.writeMixedArray","thrpt",1,24,266714.112041,25308.754926,"ops/s"
"lab.jvm.serialization.SerializationBench.writeMixedArray:gc.alloc.rate","thrpt",1,24,1993.734971,189.194722,"MB/sec"
"lab.jvm.serialization.SerializationBench.writeMixedArray:gc.alloc.rate.norm","thrpt",1,24,7840.013325,0.001297,"B/op"
"lab.jvm.serialization.SerializationBench.writeMixedArray:gc.count","thrpt",1,24,367.000000,NaN,"counts"
"lab.jvm.serialization.SerializationBench.writeMixedArray:gc.time","thrpt",1,24,363.000000,NaN,"ms"
"lab.jvm.serialization.SerializationBench.writeOrder","thrpt",1,24,223871.594699,5079.653890,"ops/s"
"lab.jvm.serialization.SerializationBench.writeOrder:gc.alloc.rate","thrpt",1,24,1758.903956,39.948178,"MB/sec"
"lab.jvm.serialization.SerializationBench.writeOrder:gc.alloc.rate.norm","thrpt",1,24,8240.015652,0.000365,"B/op"
"lab.jvm.serialization.SerializationBench.writeOrder:gc.count","thrpt",1,24,325.000000,NaN,"counts"
"lab.jvm.serialization.SerializationBench.writeOrder:gc.time","thrpt",1,24,284.000000,NaN,"ms"
"lab.jvm.serialization.SerializationBench.writePoint","thrpt",1,24,1304831.828795,96262.979720,"ops/s"
"lab.jvm.serialization.SerializationBench.writePoint:gc.alloc.rate","thrpt",1,24,3403.902731,251.128529,"MB/sec"
"lab.jvm.serialization.SerializationBench.writePoint:gc.alloc.rate.norm","thrpt",1,24,2736.002710,0.000195,"B/op"
"lab.jvm.serialization.SerializationBench.writePoint:gc.count","thrpt",1,24,528.000000,NaN,"counts"
"lab.jvm.serialization.SerializationBench.writePoint:gc.time","thrpt",1,24,562.000000,NaN,"ms"
"lab.jvm.serialization.SerializationBench.writeStringList","thrpt",1,24,64627.281961,6872.028382,"ops/s"
"lab.jvm.serialization.SerializationBench.writeStringList:gc.alloc.rate","thrpt",1,24,960.801216,102.169724,"MB/sec"
"lab.jvm.serialization.SerializationBench.writeStringList:gc.alloc.rate.norm","thrpt",1,24,15592.055346,0.006497,"B/op"
"lab.jvm.serialization.SerializationBench.writeStringList:gc.count","thrpt",1,24,214.000000,NaN,"counts"
"lab.jvm.serialization.SerializationBench.writeStringList:gc.time","thrpt",1,24,191.000000,NaN,"ms"
"lab.jvm.serialization.SerializationBench.writeUnicodeList","thrpt",1,24,82478.765964,6439.902220,"ops/s"
"lab.jvm.serialization.SerializationBench.writeUnicodeList:gc.alloc.rate","thrpt",1,24,1116.104870,87.174677,"MB/sec"
"lab.jvm.serialization.SerializationBench.writeUnicodeList:gc.alloc.rate.norm","thrpt",1,24,14192.042869,0.003628,"B/op"
"lab.jvm.serialization.SerializationBench.writeUnicodeList:gc.count","thrpt",1,24,207.000000,NaN,"counts"
"lab.jvm.serialization.SerializationBench.writeUnicodeList:gc.time","thrpt",1,24,206.000000,NaN,"ms"
